{
    "accuracy": [
        0.4175199866294861,
        0.5857200026512146,
        0.6577799916267395,
        0.6990200281143188,
        0.7256600260734558,
        0.7450600266456604,
        0.7641199827194214,
        0.7764800190925598,
        0.7885800004005432,
        0.7973799705505371,
        0.8083999752998352,
        0.8154399991035461,
        0.8210800290107727,
        0.82805997133255,
        0.8314800262451172,
        0.8372399806976318,
        0.8399199843406677,
        0.8451399803161621,
        0.8495799899101257,
        0.8539999723434448,
        0.8557199835777283,
        0.8575800061225891,
        0.8601999878883362,
        0.8650599718093872,
        0.8781599998474121,
        0.8822199702262878,
        0.8850399851799011,
        0.8878999948501587,
        0.8877000212669373,
        0.8927000164985657,
        0.8931999802589417,
        0.8973000049591064,
        0.8966400027275085,
        0.8988999724388123,
        0.8989400267601013,
        0.9048200249671936,
        0.9084200263023376,
        0.9083600044250488,
        0.9075800180435181,
        0.9105200171470642,
        0.9093199968338013,
        0.9133999943733215,
        0.9118599891662598,
        0.9132000207901001,
        0.915440022945404,
        0.9182599782943726,
        0.9160199761390686,
        0.9167400002479553,
        0.9188399910926819,
        0.9201599955558777,
        0.9206200242042542,
        0.9216399788856506,
        0.9211999773979187,
        0.923259973526001,
        0.9240000247955322,
        0.9218999743461609,
        0.9251000285148621,
        0.9232000112533569,
        0.9257599711418152,
        0.9257599711418152,
        0.9259600043296814,
        0.9263799786567688,
        0.9272599816322327,
        0.9266999959945679,
        0.9264199733734131,
        0.9278799891471863,
        0.9281600117683411,
        0.9293400049209595,
        0.9294000267982483,
        0.9286800026893616,
        0.9313799738883972,
        0.928879976272583,
        0.9301199913024902,
        0.9284800291061401,
        0.9310600161552429,
        0.9320600032806396,
        0.9303799867630005,
        0.9304999709129333,
        0.9321399927139282,
        0.9320799708366394,
        0.9334200024604797,
        0.9332000017166138,
        0.9329000115394592,
        0.9339399933815002,
        0.9334999918937683,
        0.932699978351593,
        0.9344800114631653
    ],
    "loss": [
        1.7349669933319092,
        1.1631333827972412,
        0.9691883325576782,
        0.8543898463249207,
        0.7912992238998413,
        0.735089898109436,
        0.6830142736434937,
        0.644903838634491,
        0.6137086153030396,
        0.587775707244873,
        0.5584849715232849,
        0.5365892648696899,
        0.5201111435890198,
        0.4973536431789398,
        0.48834195733070374,
        0.47075048089027405,
        0.46100980043411255,
        0.4492064416408539,
        0.43899020552635193,
        0.428365558385849,
        0.422945111989975,
        0.4095652997493744,
        0.4058690667152405,
        0.3917595446109772,
        0.3553696572780609,
        0.3403173089027405,
        0.32963287830352783,
        0.32306167483329773,
        0.32253021001815796,
        0.30864620208740234,
        0.3060700297355652,
        0.29886606335639954,
        0.299012690782547,
        0.29415538907051086,
        0.2894248366355896,
        0.27323901653289795,
        0.26383957266807556,
        0.2625170052051544,
        0.2613241970539093,
        0.25397786498069763,
        0.25530967116355896,
        0.2498149573802948,
        0.2522065341472626,
        0.24852333962917328,
        0.24327205121517181,
        0.23575694859027863,
        0.23832210898399353,
        0.2385932207107544,
        0.23174402117729187,
        0.22844091057777405,
        0.22532474994659424,
        0.22162023186683655,
        0.22494202852249146,
        0.21971631050109863,
        0.2176944464445114,
        0.22080986201763153,
        0.21735355257987976,
        0.21632595360279083,
        0.2115529477596283,
        0.21180763840675354,
        0.21068575978279114,
        0.21055597066879272,
        0.20605073869228363,
        0.2068733274936676,
        0.206887349486351,
        0.20369073748588562,
        0.2018360197544098,
        0.20052027702331543,
        0.19803544878959656,
        0.20287665724754333,
        0.19750887155532837,
        0.20053833723068237,
        0.19811472296714783,
        0.20011793076992035,
        0.1966017633676529,
        0.19286520779132843,
        0.19515103101730347,
        0.19717247784137726,
        0.19528797268867493,
        0.19153045117855072,
        0.1898784041404724,
        0.19071495532989502,
        0.18853424489498138,
        0.1857220083475113,
        0.1888219267129898,
        0.1924975961446762,
        0.186891108751297
    ],
    "val_accuracy": [
        0.46389999985694885,
        0.5983999967575073,
        0.5608999729156494,
        0.7408000230789185,
        0.760200023651123,
        0.7506999969482422,
        0.7889000177383423,
        0.779699981212616,
        0.7799999713897705,
        0.7896999716758728,
        0.8187999725341797,
        0.8130000233650208,
        0.8098999857902527,
        0.8136000037193298,
        0.8348000049591064,
        0.849399983882904,
        0.8513000011444092,
        0.8295000195503235,
        0.86080002784729,
        0.8025000095367432,
        0.8252000212669373,
        0.8583999872207642,
        0.8586999773979187,
        0.8569999933242798,
        0.8747000098228455,
        0.8751999735832214,
        0.8866000175476074,
        0.8880000114440918,
        0.8863999843597412,
        0.8931999802589417,
        0.8845999836921692,
        0.8860999941825867,
        0.8769999742507935,
        0.8823000192642212,
        0.8931999802589417,
        0.8899999856948853,
        0.8988999724388123,
        0.8949999809265137,
        0.9027000069618225,
        0.9003999829292297,
        0.8998000025749207,
        0.8967999815940857,
        0.9039000272750854,
        0.9017000198364258,
        0.9020000100135803,
        0.8945000171661377,
        0.9027000069618225,
        0.901199996471405,
        0.9060999751091003,
        0.9034000039100647,
        0.90420001745224,
        0.9059000015258789,
        0.9043999910354614,
        0.9068999886512756,
        0.906000018119812,
        0.9028000235557556,
        0.9031999707221985,
        0.9071999788284302,
        0.9070000052452087,
        0.9017000198364258,
        0.906000018119812,
        0.9054999947547913,
        0.902899980545044,
        0.9077000021934509,
        0.9061999917030334,
        0.9036999940872192,
        0.9053000211715698,
        0.907800018787384,
        0.902899980545044,
        0.9053999781608582,
        0.9053999781608582,
        0.9090999960899353,
        0.904699981212616,
        0.9065999984741211,
        0.904699981212616,
        0.9082000255584717,
        0.906499981880188,
        0.906000018119812,
        0.90829998254776,
        0.9068999886512756,
        0.90829998254776,
        0.9075999855995178,
        0.9065999984741211,
        0.907800018787384,
        0.9079999923706055,
        0.9067000150680542,
        0.9072999954223633
    ],